{
	"format_version": "1.8.0",
	"animations": {
		"wing": {
			"loop": true,
			"animation_length": 0.4583,
			"bones": {
				"bone": {
					"rotation": {
						"0.0": {
							"vector": [0, 0, 0]
						},
						"0.25": {
							"vector": [-10, 0, 0]
						},
						"0.4583": {
							"vector": [0, 0, 0]
						}
					},
					"position": {
						"0.0": {
							"vector": [0, 0, 0]
						},
						"0.4583": {
							"vector": [0, 0, 0]
						}
					},
					"scale": {
						"0.0": {
							"vector": [1, 1, 1]
						},
						"0.4583": {
							"vector": [1, 1, 1]
						}
					}
				},
				"bone2": {
					"rotation": {
						"0.0": {
							"vector": [0, 0, 0]
						},
						"0.125": {
							"vector": [-12.5, 0, 0]
						},
						"0.25": {
							"vector": [0, 0, 0]
						},
						"0.375": {
							"vector": [12.5, 0, 0]
						},
						"0.4583": {
							"vector": [0, 0, 0]
						}
					},
					"position": {
						"0.0": {
							"vector": [0, 0, 0]
						},
						"0.25": {
							"vector": [0, 0, 0]
						},
						"0.4583": {
							"vector": [0, 0, 0]
						}
					},
					"scale": {
						"0.0": {
							"vector": [1, 1, 1]
						},
						"0.25": {
							"vector": [1, 1, 1]
						},
						"0.4583": {
							"vector": [1, 1, 1]
						}
					}
				},
				"left_wing": {
					"rotation": {
						"0.0": {
							"vector": [22.3858, -44.99904, 0.32257]
						},
						"0.0417": {
							"vector": [0, 0, 0]
						},
						"0.0833": {
							"vector": [-29.99919, -30.41503, 34.36973]
						},
						"0.125": {
							"vector": [-33.98348, 7.01904, 60.1099]
						},
						"0.1667": {
							"vector": [22.3858, -44.99904, 0.32257]
						},
						"0.2083": {
							"vector": [0, 0, 0]
						},
						"0.25": {
							"vector": [-29.99919, -30.41503, 34.36973]
						},
						"0.2917": {
							"vector": [-33.98348, 7.01904, 60.1099]
						},
						"0.3333": {
							"vector": [22.3858, -44.99904, 0.32257]
						},
						"0.375": {
							"vector": [0, 0, 0]
						},
						"0.4167": {
							"vector": [-29.99919, -30.41503, 34.36973]
						},
						"0.4583": {
							"vector": [-33.98348, 7.01904, 60.1099]
						}
					},
					"position": {
						"0.0": {
							"vector": [0, 0, 0]
						},
						"0.4583": {
							"vector": [0, 0, 0]
						}
					},
					"scale": {
						"0.0": {
							"vector": [1, 1, 1]
						},
						"0.4583": {
							"vector": [1, 1, 1]
						}
					}
				},
				"bone4": {
					"rotation": {
						"0.0": {
							"vector": [0, 0, 0]
						},
						"0.125": {
							"vector": [12.5, 0, 0]
						},
						"0.25": {
							"vector": [0, 0, 0]
						},
						"0.375": {
							"vector": [-12.5, 0, 0]
						},
						"0.4583": {
							"vector": [0, 0, 0]
						}
					},
					"position": {
						"0.0": {
							"vector": [0, 0, 0]
						},
						"0.25": {
							"vector": [0, 0, 0]
						},
						"0.4583": {
							"vector": [0, 0, 0]
						}
					},
					"scale": {
						"0.0": {
							"vector": [1, 1, 1]
						},
						"0.25": {
							"vector": [1, 1, 1]
						},
						"0.4583": {
							"vector": [1, 1, 1]
						}
					}
				},
				"bone5": {
					"rotation": {
						"0.0": {
							"vector": [0, 0, 0]
						},
						"0.25": {
							"vector": [7.5, 0, 0]
						},
						"0.4583": {
							"vector": [0, 0, 0]
						}
					},
					"position": {
						"0.0": {
							"vector": [0, 0, 0]
						},
						"0.25": {
							"vector": [0, 1, 0]
						},
						"0.4583": {
							"vector": [0, 0, 0]
						}
					},
					"scale": {
						"0.0": {
							"vector": [1, 1, 1]
						},
						"0.4583": {
							"vector": [1, 1, 1]
						}
					}
				},
				"bone6": {
					"rotation": {
						"0.0": {
							"vector": [0, 0, 0],
							"easing": "bezier",
							"left": [0, 0, 0],
							"left_time": [-0.1, -0.1, -0.1],
							"right": [0, 0, 0],
							"right_time": [0.1, 0.1, 0.1]
						},
						"0.0417": [-1.09585, 0, 0],
						"0.0833": [-3.75267, 0, 0],
						"0.125": [-7.29789, 0, 0],
						"0.2083": [-15.20242, 0, 0],
						"0.25": [-18.74759, 0, 0],
						"0.2917": [-21.40431, 0, 0],
						"0.3333": {
							"vector": [-22.5, 0, 0],
							"easing": "bezier",
							"left": [0, 0, 0],
							"left_time": [-0.1, -0.1, -0.1],
							"right": [0, 0, 0],
							"right_time": [0.1, 0.1, 0.1]
						},
						"0.375": [-20.18136, 0, 0],
						"0.4167": [-2.31864, 0, 0],
						"0.4583": {
							"vector": [0, 0, 0],
							"easing": "bezier",
							"left": [0, 0, 0],
							"left_time": [-0.1, -0.1, -0.1],
							"right": [0, 0, 0],
							"right_time": [0.1, 0.1, 0.1]
						}
					},
					"position": {
						"0.0": {
							"vector": [0, 0, 0],
							"easing": "bezier",
							"left": [0, 0.09231, 0],
							"left_time": [-0.1, -0.13, -0.1],
							"right": [0, -0.09231, 0],
							"right_time": [0.1, 0.13, 0.1]
						},
						"0.0417": [0, -0.02973, -0.01218],
						"0.1667": [0, -0.13839, -0.125],
						"0.2083": [0, -0.19068, -0.16892],
						"0.25": [0, -0.25906, -0.20831],
						"0.2917": [0, -0.35398, -0.23783],
						"0.3333": {
							"vector": [0, -0.5, -0.25],
							"easing": "bezier",
							"left": [0, 0.31888, 0],
							"left_time": [-0.1, -0.07, -0.1],
							"right": [0, 0.06713, 0],
							"right_time": [0.1, 0.04, 0.1]
						},
						"0.375": [0, -0.18505, -0.22424],
						"0.4167": [0, -0.05377, -0.02576],
						"0.4583": {
							"vector": [0, 0, 0],
							"easing": "bezier",
							"left": [0, -0.10909, 0],
							"left_time": [-0.1, -0.13667, -0.1],
							"right": [0, 0.10909, 0],
							"right_time": [0.1, 0.13667, 0.1]
						}
					},
					"scale": {
						"0.0": {
							"vector": [1, 1, 1],
							"easing": "bezier",
							"left": [0, 0, 0],
							"left_time": [-0.1, -0.1, -0.1],
							"right": [0, 0, 0],
							"right_time": [0.1, 0.1, 0.1]
						},
						"0.0417": [1, 1, 1],
						"0.4583": {
							"vector": [1, 1, 1],
							"easing": "bezier",
							"left": [0, 0, 0],
							"left_time": [-0.1, -0.1, -0.1],
							"right": [0, 0, 0],
							"right_time": [0.1, 0.1, 0.1]
						}
					}
				},
				"bone10": {
					"rotation": {
						"0.0": {
							"vector": [22.3858, -44.99904, 0.32257]
						},
						"0.0417": {
							"vector": [0, 0, 0]
						},
						"0.0833": {
							"vector": [-29.99919, -30.41503, 34.36973]
						},
						"0.125": {
							"vector": [-33.98348, 7.01904, 60.1099]
						},
						"0.1667": {
							"vector": [22.3858, -44.99904, 0.32257]
						},
						"0.2083": {
							"vector": [0, 0, 0]
						},
						"0.25": {
							"vector": [-29.99919, -30.41503, 34.36973]
						},
						"0.2917": {
							"vector": [-33.98348, 7.01904, 60.1099]
						},
						"0.3333": {
							"vector": [22.3858, -44.99904, 0.32257]
						},
						"0.375": {
							"vector": [0, 0, 0]
						},
						"0.4167": {
							"vector": [-29.99919, -30.41503, 34.36973]
						},
						"0.4583": {
							"vector": [-33.98348, 7.01904, 60.1099]
						}
					},
					"position": {
						"0.0": {
							"vector": [0, 0, 0]
						},
						"0.4583": {
							"vector": [0, 0, 0]
						}
					},
					"scale": {
						"0.0": {
							"vector": [1, 1, 1]
						},
						"0.4583": {
							"vector": [1, 1, 1]
						}
					}
				},
				"right_wing": {
					"rotation": {
						"0.0": {
							"vector": [22.43698, 44.99935, -0.28632]
						},
						"0.0417": {
							"vector": [0, 0, 0]
						},
						"0.0833": {
							"vector": [-22.59641, 25.08895, -22.48638]
						},
						"0.125": {
							"vector": [-35.25959, -16.62492, -56.3468]
						},
						"0.1667": {
							"vector": [22.43698, 44.99935, -0.28632]
						},
						"0.2083": {
							"vector": [0, 0, 0]
						},
						"0.25": {
							"vector": [-22.59641, 25.08895, -22.48638]
						},
						"0.2917": {
							"vector": [-35.25959, -16.62492, -56.3468]
						},
						"0.3333": {
							"vector": [22.43698, 44.99935, -0.28632]
						},
						"0.375": {
							"vector": [0, 0, 0]
						},
						"0.4167": {
							"vector": [-22.59641, 25.08895, -22.48638]
						},