{
	"format_version": "1.8.0",
	"animations": {
		"idle": {
			"loop": true,
			"animation_length": 1,
			"bones": {
				"inner": {
					"scale": {
						"0.0": {
							"vector": [1, 1, 1]
						},
						"1.0": {
							"vector": [1, 1, 1]
						}
					}
				},
				"outer": {
					"scale": {
						"0.0": {
							"vector": [1, 1, 1]
						},
						"0.5": {
							"vector": [1, 1, 1]
						},
						"1.0": {
							"vector": [1, 1, 1]
						}
					}
				},
				"slime": {
					"rotation": {
						"0.0": {
							"vector": [0, 0, 0]
						},
						"1.0": {
							"vector": [0, 0, 0]
						}
					},
					"position": {
						"0.0": {
							"vector": [0, 0, 0]
						},
						"1.0": {
							"vector": [0, 0, 0]
						}
					},
					"scale": {
						"0.0": {
							"vector": [1, 1, 1]
						},
						"0.0417": [1.00364, 0.9963, 1.00364],
						"0.4167": [1.0891, 0.90995, 1.0891],
						"0.5": {
							"vector": [1.1, 0.9, 1.1]
						},
						"0.5417": [1.09636, 0.89656, 1.09636],
						"0.75": [1.05, 0.91127, 1.05],
						"0.9583": [1.00364, 0.99294, 1.00364],
						"1.0": {
							"vector": [1, 1, 1]
						}
					}
				},
				"bone7": {
					"rotation": {
						"0.0": {
							"vector": [0, 0, 0]
						},
						"0.25": {
							"vector": [-7.48814, -0.93403, -7.48358]
						},
						"0.5": {
							"vector": [0, 0, 0]
						},
						"0.75": {
							"vector": [7.57325, -0.04699, 5.05037]
						},
						"1.0": {
							"vector": [0, 0, 0]
						}
					},
					"position": {
						"0.0": {
							"vector": [0, 0, 0]
						},
						"0.5": {
							"vector": [0, 0, 0]
						},
						"0.75": {
							"vector": [0.01747, 0.19748, -0.02636]
						},
						"1.0": {
							"vector": [0, 0, 0]
						}
					},
					"scale": {
						"0.0": {
							"vector": [1, 1, 1]
						},
						"0.5": {
							"vector": [1, 1, 1]
						},
						"1.0": {
							"vector": [1, 1, 1]
						}
					}
				}
			}
		},
		"jump": {
			"animation_length": 1.5,
			"bones": {
				"slime": {
					"rotation": {
						"0.0": {
							"vector": [0, 0, 0]
						},
						"0.0417": [0, 0, 0],
						"0.5833": [0, 0, 0],
						"0.75": {
							"vector": [0, 0, 0]
						},
						"0.7917": [0, 0, 0],
						"1.25": {
							"vector": [0, 0, 0]
						},
						"1.2917": [0, 0, 0],
						"1.5": {
							"vector": [0, 0, 0]
						}
					},
					"scale": {
						"0.0": {
							"vector": [1, 1, 1]
						},
						"0.0417": [1.01198, 0.98802, 1.01198],
						"0.0833": [1.04769, 0.95231, 1.04769],
						"0.1667": [1.15231, 0.84769, 1.15231],
						"0.2083": [1.18802, 0.81198, 1.18802],
						"0.25": {
							"vector": [1.2, 0.8, 1.2]
						},
						"0.2917": [1.18908, 0.81456, 1.18908],
						"0.3333": [1.16731, 0.84359, 1.16731],
						"0.625": [0.95923, 1.12103, 0.95923],
						"0.6667": [0.93269, 1.15641, 0.93269],
						"0.7083": [0.91092, 1.18544, 0.91092],
						"0.75": {
							"vector": [0.9, 1.2, 0.9]
						},
						"0.7917": [0.90192, 1.1952, 0.90121],
						"1.125": [0.95932, 1.07155, 0.94979],
						"1.2083": [0.98363, 1.02726, 0.97757],
						"1.25": {
							"vector": [1, 1, 1]
						},
						"1.2917": [1.03088, 0.95383, 1.04731],
						"1.3333": [1.12376, 0.84183, 1.18602],
						"1.375": {
							"vector": [1.2, 0.8, 1.2]
						},
						"1.4167": [1.14695, 0.82155, 1.17909],
						"1.4583": [1.02553, 0.89938, 1.0768],
						"1.5": {
							"vector": [1, 1, 1]
						}
					}
				},
				"bone7": {
					"rotation": {
						"0.0": {
							"vector": [0, 0, 0]
						},
						"0.375": {
							"vector": [-10.22051, -1.61323, -10.19398]
						},
						"0.75": {
							"vector": [0, 0, 0]
						},
						"1.0833": {
							"vector": [-10.70768, 6.77921, 29.69371]
						},
						"1.5": {
							"vector": [0, 0, 0]
						}
					},
					"position": {
						"0.0": {
							"vector": [0, 0, 0]
						},
						"0.75": {
							"vector": [0, 0, 0]
						},
						"1.0833": {
							"vector": [0, 2, 0]
						},
						"1.5": {
							"vector": [0, 0, 0]
						}
					},
					"scale": {
						"0.0": {
							"vector": [1, 1, 1]
						},
						"0.75": {
							"vector": [1, 1, 1]
						},
						"1.5": {
							"vector": [1, 1, 1]
						}
					}
				}
			}
		},
		"attack": {
			"loop": true,
			"animation_length": 0.5,
			"bones": {
				"slime": {
					"rotation": {
						"0.0": {
							"vector": [0, 0, 0]
						},
						"0.0417": [0, 0, 0],
						"0.5": {
							"vector": [0, 0, 0]
						}
					},
					"position": {
						"0.0": {
							"vector": [0, 0, 0]
						},
						"0.0417": [0, 0, 0],
						"0.5": {
							"vector": [0, 0, 0]
						}
					},
					"scale": {
						"0.0": {
							"vector": [1, 1, 1]
						},
						"0.0417": [1.0163, 0.97155, 1.0163],
						"0.0833": [1.05, 0.9142, 1.05],
						"0.125": [1.0837, 0.84825, 1.0837],
						"0.1667": {
							"vector": [1.1, 0.8, 1.1]
						},
						"0.2083": [1.07501, 0.77984, 1.07501],
						"0.25": [1.02335, 0.82824, 1.02335],
						"0.2917": [0.97168, 0.98033, 0.97168],
						"0.3333": {
							"vector": [0.9467, 1.1067, 0.9467]
						},
						"0.375": {
							"vector": [0.9467, 1.1067, 0.9467]
						},
						"0.4167": [0.95913, 1.05292, 0.95913],
						"0.4583": [0.98757, 1.01307, 0.98757],
						"0.5": {
							"vector": [1, 1, 1]
						}
					}
				},
				"bone": {
					"rotation": {
						"0.0": {
							"vector": [0, 0, 0]
						},
						"0.0417": [0, 0, 0],
						"0.2917": {
							"vector": [0, 0, 0]
						},
						"0.3333": [0, 0, 0],
						"0.375": {
							"vector": [0, 0, 0]
						},
						"0.4167": [0, 0, 0],
						"0.5": {
							"vector": [0, 0, 0]
						}
					},
					"position": {
						"0.0": {
							"vector": [0, 0, 0]
						},
						"0.0417": [-0.03815, 0.04628, 0],
						"0.0833": [-0.25635, 0.27196, 0],
						"0.125": [-0.92071, 0.94184, 0],
						"0.1667": [-3.22151, 3.23482, 0],
						"0.2083": {
							"vector": [-3.66289, 3.67289, 0]
						},
						"0.25": {
							"vector": [-4.94975, 4.94975, 0]
						},
						"0.2917": {
							"vector": [0, 0, 0]
						},
						"0.3333": [0.37132, -0.35357, 0],
						"0.375": {
							"vector": [0.70711, -0.70711, 0]
						},
						"0.4167": [0.63424, -0.25, 0],
						"0.4583": [0.07287, -0.05309, 0],
						"0.5": {
							"vector": [0, 0, 0]
						}
					},
					"scale": {
						"0.0": {
							"vector": [1, 1, 1]
						},
						"0.0417": [0.84246, 1.07, 1.01749],
						"0.0833": {
							"vector": [0.7, 1.1333, 1.0333]
						},
						"0.125": [0.7, 1.08194, 0.99005],
						"0.2083": [0.7, 0.55137, 0.54326],
						"0.25": {
							"vector": [0.7, 0.5, 0.5]
						},
						"0.2917": {
							"vector": [0.8, 0.9, 0.9]
						},
						"0.3333": [0.85251, 1.05754, 1.05754],
						"0.375": {
							"vector": [0.9, 1.2, 1.2]
						},
						"0.4167": [0.91031, 1.17939, 1.17939],
						"0.4583": [0.98969, 1.02061, 1.02061],
						"0.5": {
							"vector": [1, 1, 1]
						}
					}
				},
				"bone2": {
					"rotation": {
						"0.0": {
							"vector": [0, 0, 0]
						},
						"0.0417": [0, 0, 0],
						"0.2917": {
							"vector": [0, 0, 0]
						},
						"0.3333": [0, 0, 0],
						"0.375": {
							"vector": [0, 0, 0]
						},
						"0.4167": [0, 0, 0],
						"0.5": {
							"vector": [0, 0, 0]
						}
					},
					"position": {
						"0.0": {
							"vector": [0, 0, 0]
						},
						"0.0417": [0.04883, 0.05296, 0],
						"0.0833": [0.18257, 0.27687, 0],
						"0.125": [0.46498, 0.80062, 0],
						"0.1667": [1.10472, 2.04719, 0],
						"0.2083": [2.71138, 5.27943, 0],
						"0.25": {
							"vector": [3.04814, 5.96648, 0]
						},
						"0.2917": {
							"vector": [0, 0, 0]
						},
						"0.3333": [-0.35167, -1.47841, 0],
						"0.375": {
							"vector": [-0.6697, -1.64679, 0]
						},
						"0.4167": [-0.60068, -1.4747, 0],
						"0.4583": [-0.06901, -0.16911, 0],
						"0.5": {
							"vector": [0, 0, 0]
						}
					},
					"scale": {
						"0.0": {
							"vector": [1, 1, 1]
						},
						"0.0417": [0.84246, 1.07, 1.01749],
						"0.0833": {
							"vector": [0.7, 1.1333, 1.0333]
						},